farmer_id,farmer_name,district,location,crop,quantity_quintals,expected_price_per_quintal,current_market_price_per_quintal,selling_preference,buyer_requirement,verified_status,contact_permission,date_collected
DEMO-F001,Venkata Reddy (Demo),Anantapur,Rapthadu,Groundnut,40,6800,,direct_buyer,Oil mill or trader - payment within 3 days,verified,yes,2026-10-03
DEMO-F002,Lakshmi Narayana (Demo),Anantapur,Kalyandurg,Groundnut,25,6700,,mandi,Bulk lot - pickup from farm,verified,yes,2026-10-03
DEMO-F003,Ramanamma (Demo),Anantapur,Dharmavaram,Sweet Orange,30,3200,,direct_buyer,Fruit wholesaler - grade A,verified,yes,2026-10-03
DEMO-F004,Subba Rao (Demo),Anantapur,Hindupur,Tomato,22,1800,,direct_buyer,Daily lifting - transport needed,verified,yes,2026-10-03
DEMO-F005,Sreenivasulu (Demo),Kurnool,Adoni,Cotton,35,7400,,mandi,Ginning mill - moisture below 8%,verified,yes,2026-10-03
DEMO-F006,Nagamani (Demo),Kurnool,Yemmiganur,Onion,50,1500,,mandi,Cold storage for 2 weeks,verified,no,2026-10-03
DEMO-F007,Chandra Sekhar (Demo),Chittoor,Madanapalle,Tomato,45,1900,,direct_buyer,Retail chain - crates supplied,verified,yes,2026-10-03
DEMO-F008,Padmavathi (Demo),Chittoor,Punganur,Mango,60,4200,,direct_buyer,Pulp factory - season contract,verified,yes,2026-10-03
DEMO-F009,Koteswara Rao (Demo),Guntur,Tenali,Chilli,15,14500,,direct_buyer,Exporter - dried low moisture,verified,yes,2026-10-03
DEMO-F010,Rajeswari (Demo),Guntur,Narasaraopet,Turmeric,12,12800,,fpo,Processing unit tie-up,verified,yes,2026-10-03
DEMO-F011,Satyanarayana (Demo),Krishna,Gudivada,Paddy,120,2300,,mandi,Procurement centre within 10 km,verified,yes,2026-10-03
DEMO-F012,Anjaneyulu (Demo),West Godavari,Eluru,Maize,65,2100,,direct_buyer,Poultry feed unit,verified,yes,2026-10-03
DEMO-F013,Pullaiah (Demo),Kadapa,Pulivendula,Banana,75,1650,,direct_buyer,Fruit wholesaler - sorted bunches,verified,yes,2026-10-03
DEMO-F014,Obulesu (Demo),Kadapa,Proddatur,Turmeric,10,12600,,fpo,Spice board registered buyer,pending,yes,2026-10-03
